index,OTT영화시청증감률,여가영화관증감률
10대,97.080292,-27.868852459016384
20대,76.72413793103449,-35.483870967741936
30대,53.26797385620914,-2.3255813953488293
40대,91.10169491525423,-54.83870967741936
50대,101.35135135135134,-33.333333333333336
60대,129.1139240506329,-50.0
70세이상,285.7142857142857,33.33333333333335
남성,56.485355648535574,-30.0
소계,72.6457399103139,-30.0
여성,93.2038834951456,-33.33333333333333
